{
  "index": "idx_wfs_road_100",
  "edit_mode": 0,
  "p_zoom": 8,
  "p_box": [
    4833962.080851,
    6906391.946375,
    6130334.080568,
    7701337.040541
  ],
  "p_scale_factor": 1
}